iso_code,continent,location,date,total_cases,new_cases,new_cases_smoothed,total_deaths,new_deaths,new_deaths_smoothed,total_cases_per_million,new_cases_per_million,new_cases_smoothed_per_million,total_deaths_per_million,new_deaths_per_million,new_deaths_smoothed_per_million,new_tests,total_tests,total_tests_per_thousand,new_tests_per_thousand,new_tests_smoothed,new_tests_smoothed_per_thousand,tests_per_case,positive_rate,tests_units,stringency_index,population,population_density,median_age,aged_65_older,aged_70_older,gdp_per_capita,extreme_poverty,cardiovasc_death_rate,diabetes_prevalence,female_smokers,male_smokers,handwashing_facilities,hospital_beds_per_thousand,life_expectancy
IND,Asia,India,31-12-2019,0,0,0,0,0,0,0,0,0,0,0,0,,,,,,,,,,,1380004385,450.419,28.2,5.989,3.414,6426.674,21.2,282.28,10.39,1.9,20.6,59.55,0.53,69.66
IND,Asia,India,01-01-2020,0,0,0,0,0,0,0,0,0,0,0,0,,,,,,,,,,0,1380004385,450.419,28.2,5.989,3.414,6426.674,21.2,282.28,10.39,1.9,20.6,59.55,0.53,69.66
IND,Asia,India,02-01-2020,0,0,0,0,0,0,0,0,0,0,0,0,,,,,,,,,,0,1380004385,450.419,28.2,5.989,3.414,6426.674,21.2,282.28,10.39,1.9,20.6,59.55,0.53,69.66
IND,Asia,India,03-01-2020,0,0,0,0,0,0,0,0,0,0,0,0,,,,,,,,,,0,1380004385,450.419,28.2,5.989,3.414,6426.674,21.2,282.28,10.39,1.9,20.6,59.55,0.53,69.66
IND,Asia,India,04-01-2020,0,0,0,0,0,0,0,0,0,0,0,0,,,,,,,,,,0,1380004385,450.419,28.2,5.989,3.414,6426.674,21.2,282.28,10.39,1.9,20.6,59.55,0.53,69.66
IND,Asia,India,05-01-2020,0,0,0,0,0,0,0,0,0,0,0,0,,,,,,,,,,0,1380004385,450.419,28.2,5.989,3.414,6426.674,21.2,282.28,10.39,1.9,20.6,59.55,0.53,69.66
IND,Asia,India,06-01-2020,0,0,0,0,0,0,0,0,0,0,0,0,,,,,,,,,,0,1380004385,450.419,28.2,5.989,3.414,6426.674,21.2,282.28,10.39,1.9,20.6,59.55,0.53,69.66
IND,Asia,India,07-01-2020,0,0,0,0,0,0,0,0,0,0,0,0,,,,,,,,,,0,1380004385,450.419,28.2,5.989,3.414,6426.674,21.2,282.28,10.39,1.9,20.6,59.55,0.53,69.66
IND,Asia,India,08-01-2020,0,0,0,0,0,0,0,0,0,0,0,0,,,,,,,,,,0,1380004385,450.419,28.2,5.989,3.414,6426.674,21.2,282.28,10.39,1.9,20.6,59.55,0.53,69.66
IND,Asia,India,09-01-2020,0,0,0,0,0,0,0,0,0,0,0,0,,,,,,,,,,0,1380004385,450.419,28.2,5.989,3.414,6426.674,21.2,282.28,10.39,1.9,20.6,59.55,0.53,69.66
IND,Asia,India,10-01-2020,0,0,0,0,0,0,0,0,0,0,0,0,,,,,,,,,,0,1380004385,450.419,28.2,5.989,3.414,6426.674,21.2,282.28,10.39,1.9,20.6,59.55,0.53,69.66
IND,Asia,India,11-01-2020,0,0,0,0,0,0,0,0,0,0,0,0,,,,,,,,,,0,1380004385,450.419,28.2,5.989,3.414,6426.674,21.2,282.28,10.39,1.9,20.6,59.55,0.53,69.66
IND,Asia,India,12-01-2020,0,0,0,0,0,0,0,0,0,0,0,0,,,,,,,,,,0,1380004385,450.419,28.2,5.989,3.414,6426.674,21.2,282.28,10.39,1.9,20.6,59.55,0.53,69.66
IND,Asia,India,13-01-2020,0,0,0,0,0,0,0,0,0,0,0,0,,,,,,,,,,0,1380004385,450.419,28.2,5.989,3.414,6426.674,21.2,282.28,10.39,1.9,20.6,59.55,0.53,69.66
IND,Asia,India,14-01-2020,0,0,0,0,0,0,0,0,0,0,0,0,,,,,,,,,,0,1380004385,450.419,28.2,5.989,3.414,6426.674,21.2,282.28,10.39,1.9,20.6,59.55,0.53,69.66
IND,Asia,India,15-01-2020,0,0,0,0,0,0,0,0,0,0,0,0,,,,,,,,,,0,1380004385,450.419,28.2,5.989,3.414,6426.674,21.2,282.28,10.39,1.9,20.6,59.55,0.53,69.66
IND,Asia,India,16-01-2020,0,0,0,0,0,0,0,0,0,0,0,0,,,,,,,,,,0,1380004385,450.419,28.2,5.989,3.414,6426.674,21.2,282.28,10.39,1.9,20.6,59.55,0.53,69.66
IND,Asia,India,17-01-2020,0,0,0,0,0,0,0,0,0,0,0,0,,,,,,,,,,0,1380004385,450.419,28.2,5.989,3.414,6426.674,21.2,282.28,10.39,1.9,20.6,59.55,0.53,69.66
IND,Asia,India,18-01-2020,0,0,0,0,0,0,0,0,0,0,0,0,,,,,,,,,,0,1380004385,450.419,28.2,5.989,3.414,6426.674,21.2,282.28,10.39,1.9,20.6,59.55,0.53,69.66
IND,Asia,India,19-01-2020,0,0,0,0,0,0,0,0,0,0,0,0,,,,,,,,,,0,1380004385,450.419,28.2,5.989,3.414,6426.674,21.2,282.28,10.39,1.9,20.6,59.55,0.53,69.66
IND,Asia,India,20-01-2020,0,0,0,0,0,0,0,0,0,0,0,0,,,,,,,,,,0,1380004385,450.419,28.2,5.989,3.414,6426.674,21.2,282.28,10.39,1.9,20.6,59.55,0.53,69.66
IND,Asia,India,21-01-2020,0,0,0,0,0,0,0,0,0,0,0,0,,,,,,,,,,0,1380004385,450.419,28.2,5.989,3.414,6426.674,21.2,282.28,10.39,1.9,20.6,59.55,0.53,69.66
IND,Asia,India,22-01-2020,0,0,0,0,0,0,0,0,0,0,0,0,,,,,,,,,,0,1380004385,450.419,28.2,5.989,3.414,6426.674,21.2,282.28,10.39,1.9,20.6,59.55,0.53,69.66
IND,Asia,India,23-01-2020,0,0,0,0,0,0,0,0,0,0,0,0,,,,,,,,,,0,1380004385,450.419,28.2,5.989,3.414,6426.674,21.2,282.28,10.39,1.9,20.6,59.55,0.53,69.66
IND,Asia,India,24-01-2020,0,0,0,0,0,0,0,0,0,0,0,0,,,,,,,,,,0,1380004385,450.419,28.2,5.989,3.414,6426.674,21.2,282.28,10.39,1.9,20.6,59.55,0.53,69.66
IND,Asia,India,25-01-2020,0,0,0,0,0,0,0,0,0,0,0,0,,,,,,,,,,5.56,1380004385,450.419,28.2,5.989,3.414,6426.674,21.2,282.28,10.39,1.9,20.6,59.55,0.53,69.66
IND,Asia,India,26-01-2020,0,0,0,0,0,0,0,0,0,0,0,0,,,,,,,,,,10.19,1380004385,450.419,28.2,5.989,3.414,6426.674,21.2,282.28,10.39,1.9,20.6,59.55,0.53,69.66
IND,Asia,India,27-01-2020,0,0,0,0,0,0,0,0,0,0,0,0,,,,,,,,,,10.19,1380004385,450.419,28.2,5.989,3.414,6426.674,21.2,282.28,10.39,1.9,20.6,59.55,0.53,69.66
IND,Asia,India,28-01-2020,0,0,0,0,0,0,0,0,0,0,0,0,,,,,,,,,,10.19,1380004385,450.419,28.2,5.989,3.414,6426.674,21.2,282.28,10.39,1.9,20.6,59.55,0.53,69.66
IND,Asia,India,29-01-2020,0,0,0,0,0,0,0,0,0,0,0,0,,,,,,,,,,10.19,1380004385,450.419,28.2,5.989,3.414,6426.674,21.2,282.28,10.39,1.9,20.6,59.55,0.53,69.66
IND,Asia,India,30-01-2020,1,1,0.143,0,0,0,0.001,0.001,0,0,0,0,,,,,,,,,,10.19,1380004385,450.419,28.2,5.989,3.414,6426.674,21.2,282.28,10.39,1.9,20.6,59.55,0.53,69.66
IND,Asia,India,31-01-2020,1,0,0.143,0,0,0,0.001,0,0,0,0,0,,,,,,,,,,10.19,1380004385,450.419,28.2,5.989,3.414,6426.674,21.2,282.28,10.39,1.9,20.6,59.55,0.53,69.66
IND,Asia,India,01-02-2020,1,0,0.143,0,0,0,0.001,0,0,0,0,0,,,,,,,,,,10.19,1380004385,450.419,28.2,5.989,3.414,6426.674,21.2,282.28,10.39,1.9,20.6,59.55,0.53,69.66
IND,Asia,India,02-02-2020,2,1,0.286,0,0,0,0.001,0.001,0,0,0,0,,,,,,,,,,10.19,1380004385,450.419,28.2,5.989,3.414,6426.674,21.2,282.28,10.39,1.9,20.6,59.55,0.53,69.66
IND,Asia,India,03-02-2020,2,0,0.286,0,0,0,0.001,0,0,0,0,0,,,,,,,,,,10.19,1380004385,450.419,28.2,5.989,3.414,6426.674,21.2,282.28,10.39,1.9,20.6,59.55,0.53,69.66
IND,Asia,India,04-02-2020,3,1,0.429,0,0,0,0.002,0.001,0,0,0,0,,,,,,,,,,10.19,1380004385,450.419,28.2,5.989,3.414,6426.674,21.2,282.28,10.39,1.9,20.6,59.55,0.53,69.66
IND,Asia,India,05-02-2020,3,0,0.429,0,0,0,0.002,0,0,0,0,0,,,,,,,,,,10.19,1380004385,450.419,28.2,5.989,3.414,6426.674,21.2,282.28,10.39,1.9,20.6,59.55,0.53,69.66
IND,Asia,India,06-02-2020,3,0,0.286,0,0,0,0.002,0,0,0,0,0,,,,,,,,,,10.19,1380004385,450.419,28.2,5.989,3.414,6426.674,21.2,282.28,10.39,1.9,20.6,59.55,0.53,69.66
IND,Asia,India,07-02-2020,3,0,0.286,0,0,0,0.002,0,0,0,0,0,,,,,,,,,,10.19,1380004385,450.419,28.2,5.989,3.414,6426.674,21.2,282.28,10.39,1.9,20.6,59.55,0.53,69.66
IND,Asia,India,08-02-2020,3,0,0.286,0,0,0,0.002,0,0,0,0,0,,,,,,,,,,10.19,1380004385,450.419,28.2,5.989,3.414,6426.674,21.2,282.28,10.39,1.9,20.6,59.55,0.53,69.66
IND,Asia,India,09-02-2020,3,0,0.143,0,0,0,0.002,0,0,0,0,0,,,,,,,,,,10.19,1380004385,450.419,28.2,5.989,3.414,6426.674,21.2,282.28,10.39,1.9,20.6,59.55,0.53,69.66
IND,Asia,India,10-02-2020,3,0,0.143,0,0,0,0.002,0,0,0,0,0,,,,,,,,,,10.19,1380004385,450.419,28.2,5.989,3.414,6426.674,21.2,282.28,10.39,1.9,20.6,59.55,0.53,69.66
IND,Asia,India,11-02-2020,3,0,0,0,0,0,0.002,0,0,0,0,0,,,,,,,,,,10.19,1380004385,450.419,28.2,5.989,3.414,6426.674,21.2,282.28,10.39,1.9,20.6,59.55,0.53,69.66
IND,Asia,India,12-02-2020,3,0,0,0,0,0,0.002,0,0,0,0,0,,,,,,,,,,10.19,1380004385,450.419,28.2,5.989,3.414,6426.674,21.2,282.28,10.39,1.9,20.6,59.55,0.53,69.66
IND,Asia,India,13-02-2020,3,0,0,0,0,0,0.002,0,0,0,0,0,,,,,,,,,,10.19,1380004385,450.419,28.2,5.989,3.414,6426.674,21.2,282.28,10.39,1.9,20.6,59.55,0.53,69.66
IND,Asia,India,14-02-2020,3,0,0,0,0,0,0.002,0,0,0,0,0,,,,,,,,,,10.19,1380004385,450.419,28.2,5.989,3.414,6426.674,21.2,282.28,10.39,1.9,20.6,59.55,0.53,69.66
IND,Asia,India,15-02-2020,3,0,0,0,0,0,0.002,0,0,0,0,0,,,,,,,,,,10.19,1380004385,450.419,28.2,5.989,3.414,6426.674,21.2,282.28,10.39,1.9,20.6,59.55,0.53,69.66
IND,Asia,India,16-02-2020,3,0,0,0,0,0,0.002,0,0,0,0,0,,,,,,,,,,10.19,1380004385,450.419,28.2,5.989,3.414,6426.674,21.2,282.28,10.39,1.9,20.6,59.55,0.53,69.66
IND,Asia,India,17-02-2020,3,0,0,0,0,0,0.002,0,0,0,0,0,,,,,,,,,,10.19,1380004385,450.419,28.2,5.989,3.414,6426.674,21.2,282.28,10.39,1.9,20.6,59.55,0.53,69.66
IND,Asia,India,18-02-2020,3,0,0,0,0,0,0.002,0,0,0,0,0,,,,,,,,,,10.19,1380004385,450.419,28.2,5.989,3.414,6426.674,21.2,282.28,10.39,1.9,20.6,59.55,0.53,69.66
IND,Asia,India,19-02-2020,3,0,0,0,0,0,0.002,0,0,0,0,0,,,,,,,,,,10.19,1380004385,450.419,28.2,5.989,3.414,6426.674,21.2,282.28,10.39,1.9,20.6,59.55,0.53,69.66
IND,Asia,India,20-02-2020,3,0,0,0,0,0,0.002,0,0,0,0,0,,,,,,,,,,10.19,1380004385,450.419,28.2,5.989,3.414,6426.674,21.2,282.28,10.39,1.9,20.6,59.55,0.53,69.66
IND,Asia,India,21-02-2020,3,0,0,0,0,0,0.002,0,0,0,0,0,,,,,,,,,,10.19,1380004385,450.419,28.2,5.989,3.414,6426.674,21.2,282.28,10.39,1.9,20.6,59.55,0.53,69.66
IND,Asia,India,22-02-2020,3,0,0,0,0,0,0.002,0,0,0,0,0,,,,,,,,,,10.19,1380004385,450.419,28.2,5.989,3.414,6426.674,21.2,282.28,10.39,1.9,20.6,59.55,0.53,69.66
IND,Asia,India,23-02-2020,3,0,0,0,0,0,0.002,0,0,0,0,0,,,,,,,,,,10.19,1380004385,450.419,28.2,5.989,3.414,6426.674,21.2,282.28,10.39,1.9,20.6,59.55,0.53,69.66
IND,Asia,India,24-02-2020,3,0,0,0,0,0,0.002,0,0,0,0,0,,,,,,,,,,10.19,1380004385,450.419,28.2,5.989,3.414,6426.674,21.2,282.28,10.39,1.9,20.6,59.55,0.53,69.66
IND,Asia,India,25-02-2020,3,0,0,0,0,0,0.002,0,0,0,0,0,,,,,,,,,,10.19,1380004385,450.419,28.2,5.989,3.414,6426.674,21.2,282.28,10.39,1.9,20.6,59.55,0.53,69.66
IND,Asia,India,26-02-2020,3,0,0,0,0,0,0.002,0,0,0,0,0,,,,,,,,,,10.19,1380004385,450.419,28.2,5.989,3.414,6426.674,21.2,282.28,10.39,1.9,20.6,59.55,0.53,69.66
IND,Asia,India,27-02-2020,3,0,0,0,0,0,0.002,0,0,0,0,0,,,,,,,,,,10.19,1380004385,450.419,28.2,5.989,3.414,6426.674,21.2,282.28,10.39,1.9,20.6,59.55,0.53,69.66
IND,Asia,India,28-02-2020,3,0,0,0,0,0,0.002,0,0,0,0,0,,,,,,,,,,10.19,1380004385,450.419,28.2,5.989,3.414,6426.674,21.2,282.28,10.39,1.9,20.6,59.55,0.53,69.66
IND,Asia,India,29-02-2020,3,0,0,0,0,0,0.002,0,0,0,0,0,,,,,,,,,,10.19,1380004385,450.419,28.2,5.989,3.414,6426.674,21.2,282.28,10.39,1.9,20.6,59.55,0.53,69.66
IND,Asia,India,01-03-2020,3,0,0,0,0,0,0.002,0,0,0,0,0,,,,,,,,,,10.19,1380004385,450.419,28.2,5.989,3.414,6426.674,21.2,282.28,10.39,1.9,20.6,59.55,0.53,69.66
IND,Asia,India,02-03-2020,3,0,0,0,0,0,0.002,0,0,0,0,0,,,,,,,,,,10.19,1380004385,450.419,28.2,5.989,3.414,6426.674,21.2,282.28,10.39,1.9,20.6,59.55,0.53,69.66
IND,Asia,India,03-03-2020,5,2,0.286,0,0,0,0.004,0.001,0,0,0,0,,,,,,,,,,10.19,1380004385,450.419,28.2,5.989,3.414,6426.674,21.2,282.28,10.39,1.9,20.6,59.55,0.53,69.66
IND,Asia,India,04-03-2020,6,1,0.429,0,0,0,0.004,0.001,0,0,0,0,,,,,,,,,,15.74,1380004385,450.419,28.2,5.989,3.414,6426.674,21.2,282.28,10.39,1.9,20.6,59.55,0.53,69.66
IND,Asia,India,05-03-2020,28,22,3.571,0,0,0,0.02,0.016,0.003,0,0,0,,,,,,,,,,26.85,1380004385,450.419,28.2,5.989,3.414,6426.674,21.2,282.28,10.39,1.9,20.6,59.55,0.53,69.66
IND,Asia,India,06-03-2020,29,1,3.714,0,0,0,0.021,0.001,0.003,0,0,0,,,,,,,,,,26.85,1380004385,450.419,28.2,5.989,3.414,6426.674,21.2,282.28,10.39,1.9,20.6,59.55,0.53,69.66
IND,Asia,India,07-03-2020,31,2,4,0,0,0,0.022,0.001,0.003,0,0,0,,,,,,,,,,26.85,1380004385,450.419,28.2,5.989,3.414,6426.674,21.2,282.28,10.39,1.9,20.6,59.55,0.53,69.66
IND,Asia,India,08-03-2020,34,3,4.429,0,0,0,0.025,0.002,0.003,0,0,0,,,,,,,,,,26.85,1380004385,450.419,28.2,5.989,3.414,6426.674,21.2,282.28,10.39,1.9,20.6,59.55,0.53,69.66
IND,Asia,India,09-03-2020,,,4.429,,,0,,,0.003,,,0,,,,,,,,,,26.85,1380004385,450.419,28.2,5.989,3.414,6426.674,21.2,282.28,10.39,1.9,20.6,59.55,0.53,69.66
IND,Asia,India,10-03-2020,44,10,5.571,0,0,0,0.032,0.007,0.004,0,0,0,,,,,,,,,,26.85,1380004385,450.419,28.2,5.989,3.414,6426.674,21.2,282.28,10.39,1.9,20.6,59.55,0.53,69.66
IND,Asia,India,11-03-2020,50,6,6.286,0,0,0,0.036,0.004,0.005,0,0,0,,,,,,,,,,26.85,1380004385,450.419,28.2,5.989,3.414,6426.674,21.2,282.28,10.39,1.9,20.6,59.55,0.53,69.66
IND,Asia,India,12-03-2020,73,23,6.429,0,0,0,0.053,0.017,0.005,0,0,0,,6500,0.005,,,,,,samples tested,26.85,1380004385,450.419,28.2,5.989,3.414,6426.674,21.2,282.28,10.39,1.9,20.6,59.55,0.53,69.66
IND,Asia,India,13-03-2020,75,2,6.571,1,1,0.143,0.054,0.001,0.005,0.001,0.001,0,,,,,,,,,samples tested,33.33,1380004385,450.419,28.2,5.989,3.414,6426.674,21.2,282.28,10.39,1.9,20.6,59.55,0.53,69.66
IND,Asia,India,14-03-2020,83,8,7.429,2,1,0.286,0.06,0.006,0.005,0.001,0.001,0,,,,,,,,,samples tested,36.11,1380004385,450.419,28.2,5.989,3.414,6426.674,21.2,282.28,10.39,1.9,20.6,59.55,0.53,69.66
IND,Asia,India,15-03-2020,90,7,8,2,0,0.286,0.065,0.005,0.006,0.001,0,0,,,,,,,,,samples tested,38.89,1380004385,450.419,28.2,5.989,3.414,6426.674,21.2,282.28,10.39,1.9,20.6,59.55,0.53,69.66
IND,Asia,India,16-03-2020,93,3,8.429,2,0,0.286,0.067,0.002,0.006,0.001,0,0,,,,,,,,,samples tested,48.15,1380004385,450.419,28.2,5.989,3.414,6426.674,21.2,282.28,10.39,1.9,20.6,59.55,0.53,69.66
IND,Asia,India,17-03-2020,125,32,11.571,3,1,0.429,0.091,0.023,0.008,0.002,0.001,0,,13125,0.01,,,,,,samples tested,48.15,1380004385,450.419,28.2,5.989,3.414,6426.674,21.2,282.28,10.39,1.9,20.6,59.55,0.53,69.66
IND,Asia,India,18-03-2020,137,12,12.429,3,0,0.429,0.099,0.009,0.009,0.002,0,0,191,13316,0.01,0,,,,,samples tested,50,1380004385,450.419,28.2,5.989,3.414,6426.674,21.2,282.28,10.39,1.9,20.6,59.55,0.53,69.66
IND,Asia,India,19-03-2020,165,28,13.143,3,0,0.429,0.12,0.02,0.01,0.002,0,0,1060,14376,0.01,0.001,1125,0.001,85.598,0.012,samples tested,59.72,1380004385,450.419,28.2,5.989,3.414,6426.674,21.2,282.28,10.39,1.9,20.6,59.55,0.53,69.66
IND,Asia,India,20-03-2020,191,26,16.571,4,1,0.429,0.138,0.019,0.012,0.003,0.001,0,1325,15701,0.011,0.001,1125,0.001,67.888,0.015,samples tested,70.83,1380004385,450.419,28.2,5.989,3.414,6426.674,21.2,282.28,10.39,1.9,20.6,59.55,0.53,69.66
IND,Asia,India,21-03-2020,231,40,21.143,4,0,0.286,0.167,0.029,0.015,0.003,0,0,1298,16999,0.012,0.001,1121,0.001,53.02,0.019,samples tested,76.39,1380004385,450.419,28.2,5.989,3.414,6426.674,21.2,282.28,10.39,1.9,20.6,59.55,0.53,69.66
IND,Asia,India,22-03-2020,320,89,32.857,4,0,0.286,0.232,0.064,0.024,0.003,0,0,3708,20707,0.015,0.003,1462,0.001,44.496,0.022,samples tested,100,1380004385,450.419,28.2,5.989,3.414,6426.674,21.2,282.28,10.39,1.9,20.6,59.55,0.53,69.66
IND,Asia,India,23-03-2020,439,119,49.429,7,3,0.714,0.318,0.086,0.036,0.005,0.002,0.001,157,20864,0.015,0,1295,0.001,26.199,0.038,samples tested,86.57,1380004385,450.419,28.2,5.989,3.414,6426.674,21.2,282.28,10.39,1.9,20.6,59.55,0.53,69.66
IND,Asia,India,24-03-2020,492,53,52.429,9,2,0.857,0.357,0.038,0.038,0.007,0.001,0.001,4280,25144,0.018,0.003,1717,0.001,32.749,0.031,samples tested,86.57,1380004385,450.419,28.2,5.989,3.414,6426.674,21.2,282.28,10.39,1.9,20.6,59.55,0.53,69.66
IND,Asia,India,25-03-2020,562,70,60.714,9,0,0.857,0.407,0.051,0.044,0.007,0,0.001,,,,,1871,0.001,30.816,0.032,samples tested,100,1380004385,450.419,28.2,5.989,3.414,6426.674,21.2,282.28,10.39,1.9,20.6,59.55,0.53,69.66
IND,Asia,India,26-03-2020,649,87,69.143,13,4,1.429,0.47,0.063,0.05,0.009,0.003,0.001,,27688,0.02,,1902,0.001,27.508,0.036,samples tested,100,1380004385,450.419,28.2,5.989,3.414,6426.674,21.2,282.28,10.39,1.9,20.6,59.55,0.53,69.66
IND,Asia,India,27-03-2020,724,75,76.143,17,4,1.857,0.525,0.054,0.055,0.012,0.003,0.001,,,,,2195,0.002,28.827,0.035,samples tested,100,1380004385,450.419,28.2,5.989,3.414,6426.674,21.2,282.28,10.39,1.9,20.6,59.55,0.53,69.66
IND,Asia,India,28-03-2020,873,149,91.714,19,2,2.143,0.633,0.108,0.066,0.014,0.001,0.002,,,,,2492,0.002,27.171,0.037,samples tested,100,1380004385,450.419,28.2,5.989,3.414,6426.674,21.2,282.28,10.39,1.9,20.6,59.55,0.53,69.66
IND,Asia,India,29-03-2020,979,106,94.143,25,6,3,0.709,0.077,0.068,0.018,0.004,0.002,,,,,2445,0.002,25.971,0.039,samples tested,100,1380004385,450.419,28.2,5.989,3.414,6426.674,21.2,282.28,10.39,1.9,20.6,59.55,0.53,69.66
IND,Asia,India,30-03-2020,1071,92,90.286,29,4,3.143,0.776,0.067,0.065,0.021,0.003,0.002,,,,,2905,0.002,32.176,0.031,samples tested,100,1380004385,450.419,28.2,5.989,3.414,6426.674,21.2,282.28,10.39,1.9,20.6,59.55,0.53,69.66
IND,Asia,India,31-03-2020,1251,180,108.429,32,3,3.286,0.907,0.13,0.079,0.023,0.002,0.002,,,,,2776,0.002,25.602,0.039,samples tested,100,1380004385,450.419,28.2,5.989,3.414,6426.674,21.2,282.28,10.39,1.9,20.6,59.55,0.53,69.66
IND,Asia,India,01-04-2020,1397,146,119.286,35,3,3.714,1.012,0.106,0.086,0.025,0.002,0.003,,47951,0.035,,3076,0.002,25.787,0.039,samples tested,100,1380004385,450.419,28.2,5.989,3.414,6426.674,21.2,282.28,10.39,1.9,20.6,59.55,0.53,69.66
IND,Asia,India,02-04-2020,1965,568,188,50,15,5.286,1.424,0.412,0.136,0.036,0.011,0.004,21294,69245,0.05,0.015,5937,0.004,31.58,0.032,samples tested,100,1380004385,450.419,28.2,5.989,3.414,6426.674,21.2,282.28,10.39,1.9,20.6,59.55,0.53,69.66
IND,Asia,India,03-04-2020,2301,336,225.286,56,6,5.571,1.667,0.243,0.163,0.041,0.004,0.004,10705,79950,0.058,0.008,6984,0.005,31.001,0.032,samples tested,100,1380004385,450.419,28.2,5.989,3.414,6426.674,21.2,282.28,10.39,1.9,20.6,59.55,0.53,69.66
IND,Asia,India,04-04-2020,2902,601,289.857,68,12,7,2.103,0.436,0.21,0.049,0.009,0.005,9584,89534,0.065,0.007,7870,0.006,27.151,0.037,samples tested,100,1380004385,450.419,28.2,5.989,3.414,6426.674,21.2,282.28,10.39,1.9,20.6,59.55,0.53,69.66
IND,Asia,India,05-04-2020,3374,472,342.143,77,9,7.429,2.445,0.342,0.248,0.056,0.007,0.005,11534,101068,0.073,0.008,9036,0.007,26.41,0.038,samples tested,100,1380004385,450.419,28.2,5.989,3.414,6426.674,21.2,282.28,10.39,1.9,20.6,59.55,0.53,69.66
IND,Asia,India,06-04-2020,4067,693,428,109,32,11.429,2.947,0.502,0.31,0.079,0.023,0.008,12947,114015,0.083,0.009,10403,0.008,24.306,0.041,samples tested,100,1380004385,450.419,28.2,5.989,3.414,6426.674,21.2,282.28,10.39,1.9,20.6,59.55,0.53,69.66
IND,Asia,India,07-04-2020,4421,354,452.857,114,5,11.714,3.204,0.257,0.328,0.083,0.004,0.008,13904,127919,0.093,0.01,11906,0.009,26.291,0.038,samples tested,100,1380004385,450.419,28.2,5.989,3.414,6426.674,21.2,282.28,10.39,1.9,20.6,59.55,0.53,69.66
IND,Asia,India,08-04-2020,5194,773,542.429,149,35,16.286,3.764,0.56,0.393,0.108,0.025,0.012,16991,144910,0.105,0.012,13851,0.01,25.535,0.039,samples tested,100,1380004385,450.419,28.2,5.989,3.414,6426.674,21.2,282.28,10.39,1.9,20.6,59.55,0.53,69.66
IND,Asia,India,09-04-2020,5734,540,538.429,166,17,16.571,4.155,0.391,0.39,0.12,0.012,0.012,16420,161330,0.117,0.012,13155,0.01,24.432,0.041,samples tested,100,1380004385,450.419,28.2,5.989,3.414,6426.674,21.2,282.28,10.39,1.9,20.6,59.55,0.53,69.66
IND,Asia,India,10-04-2020,6412,678,587.286,199,33,20.429,4.646,0.491,0.426,0.144,0.024,0.015,18044,179374,0.13,0.013,14203,0.01,24.184,0.041,samples tested,100,1380004385,450.419,28.2,5.989,3.414,6426.674,21.2,282.28,10.39,1.9,20.6,59.55,0.53,69.66
IND,Asia,India,11-04-2020,7447,1035,649.286,239,40,24.429,5.396,0.75,0.47,0.173,0.029,0.018,16374,195748,0.142,0.012,15173,0.011,23.369,0.043,samples tested,100,1380004385,450.419,28.2,5.989,3.414,6426.674,21.2,282.28,10.39,1.9,20.6,59.55,0.53,69.66
IND,Asia,India,12-04-2020,8356,909,711.714,273,34,28,6.055,0.659,0.516,0.198,0.025,0.02,21806,217554,0.158,0.016,16641,0.012,23.382,0.043,samples tested,100,1380004385,450.419,28.2,5.989,3.414,6426.674,21.2,282.28,10.39,1.9,20.6,59.55,0.53,69.66
IND,Asia,India,13-04-2020,9152,796,726.429,308,35,28.429,6.632,0.577,0.526,0.223,0.025,0.021,27339,244893,0.177,0.02,18697,0.014,25.738,0.039,samples tested,100,1380004385,450.419,28.2,5.989,3.414,6426.674,21.2,282.28,10.39,1.9,20.6,59.55,0.53,69.66
IND,Asia,India,14-04-2020,10363,1211,848.857,339,31,32.143,7.509,0.878,0.615,0.246,0.022,0.023,29706,274599,0.199,0.022,20954,0.015,24.685,0.041,samples tested,100,1380004385,450.419,28.2,5.989,3.414,6426.674,21.2,282.28,10.39,1.9,20.6,59.55,0.53,69.66
IND,Asia,India,15-04-2020,11438,1075,892,377,38,32.571,8.288,0.779,0.646,0.273,0.028,0.024,28357,302956,0.22,0.021,22578,0.016,25.312,0.04,samples tested,100,1380004385,450.419,28.2,5.989,3.414,6426.674,21.2,282.28,10.39,1.9,20.6,59.55,0.53,69.66
IND,Asia,India,16-04-2020,12380,942,949.429,414,37,35.429,8.971,0.683,0.688,0.3,0.027,0.026,32167,335123,0.243,0.023,24828,0.018,26.15,0.038,samples tested,100,1380004385,450.419,28.2,5.989,3.414,6426.674,21.2,282.28,10.39,1.9,20.6,59.55,0.53,69.66
IND,Asia,India,17-04-2020,13387,1007,996.429,437,23,34,9.701,0.73,0.722,0.317,0.017,0.025,37000,372123,0.27,0.027,27536,0.02,27.635,0.036,samples tested,100,1380004385,450.419,28.2,5.989,3.414,6426.674,21.2,282.28,10.39,1.9,20.6,59.55,0.53,69.66
IND,Asia,India,18-04-2020,14378,991,990.143,480,43,34.429,10.419,0.718,0.717,0.348,0.031,0.025,29463,401586,0.291,0.021,29405,0.021,29.698,0.034,samples tested,100,1380004385,450.419,28.2,5.989,3.414,6426.674,21.2,282.28,10.39,1.9,20.6,59.55,0.53,69.66
IND,Asia,India,19-04-2020,15712,1334,1050.857,507,27,33.429,11.385,0.967,0.761,0.367,0.02,0.024,,,,,30650,0.022,29.167,0.034,samples tested,100,1380004385,450.419,28.2,5.989,3.414,6426.674,21.2,282.28,10.39,1.9,20.6,59.55,0.53,69.66
IND,Asia,India,20-04-2020,17265,1553,1159,543,36,33.571,12.511,1.125,0.84,0.393,0.026,0.024,,462621,0.335,,31104,0.023,26.837,0.037,samples tested,96.3,1380004385,450.419,28.2,5.989,3.414,6426.674,21.2,282.28,10.39,1.9,20.6,59.55,0.53,69.66
IND,Asia,India,21-04-2020,18600,1335,1176.714,590,47,35.857,13.478,0.967,0.853,0.428,0.034,0.026,,,,,29569,0.021,25.128,0.04,samples tested,96.3,1380004385,450.419,28.2,5.989,3.414,6426.674,21.2,282.28,10.39,1.9,20.6,59.55,0.53,69.66
IND,Asia,India,22-04-2020,19984,1384,1220.857,640,50,37.571,14.481,1.003,0.885,0.464,0.036,0.027,,500542,0.363,,28227,0.02,23.121,0.043,samples tested,96.3,1380004385,450.419,28.2,5.989,3.414,6426.674,21.2,282.28,10.39,1.9,20.6,59.55,0.53,69.66
IND,Asia,India,23-04-2020,21393,1409,1287.571,681,41,38.143,15.502,1.021,0.933,0.493,0.03,0.028,41247,541789,0.393,0.03,29524,0.021,22.93,0.044,samples tested,96.3,1380004385,450.419,28.2,5.989,3.414,6426.674,21.2,282.28,10.39,1.9,20.6,59.55,0.53,69.66
IND,Asia,India,24-04-2020,23077,1684,1384.286,718,37,40.143,16.722,1.22,1.003,0.52,0.027,0.029,38168,579957,0.42,0.028,29691,0.022,21.449,0.047,samples tested,96.3,1380004385,450.419,28.2,5.989,3.414,6426.674,21.2,282.28,10.39,1.9,20.6,59.55,0.53,69.66
IND,Asia,India,25-04-2020,24506,1429,1446.857,775,57,42.143,17.758,1.036,1.048,0.562,0.041,0.031,45352,625309,0.453,0.033,31960,0.023,22.089,0.045,samples tested,96.3,1380004385,450.419,28.2,5.989,3.414,6426.674,21.2,282.28,10.39,1.9,20.6,59.55,0.53,69.66
IND,Asia,India,26-04-2020,26496,1990,1540.571,824,49,45.286,19.2,1.442,1.116,0.597,0.036,0.033,40510,665819,0.482,0.029,33388,0.024,21.672,0.046,samples tested,96.3,1380004385,450.419,28.2,5.989,3.414,6426.674,21.2,282.28,10.39,1.9,20.6,59.55,0.53,69.66
IND,Asia,India,27-04-2020,27892,1396,1518.143,872,48,47,20.212,1.012,1.1,0.632,0.035,0.034,50914,716733,0.519,0.037,36302,0.026,23.912,0.042,samples tested,96.3,1380004385,450.419,28.2,5.989,3.414,6426.674,21.2,282.28,10.39,1.9,20.6,59.55,0.53,69.66
IND,Asia,India,28-04-2020,29435,1543,1547.857,934,62,49.143,21.33,1.118,1.122,0.677,0.045,0.036,54031,770764,0.559,0.039,41312,0.03,26.69,0.037,samples tested,96.3,1380004385,450.419,28.2,5.989,3.414,6426.674,21.2,282.28,10.39,1.9,20.6,59.55,0.53,69.66
IND,Asia,India,29-04-2020,31332,1897,1621.143,1007,73,52.429,22.704,1.375,1.175,0.73,0.053,0.038,59437,830201,0.602,0.043,47094,0.034,29.05,0.034,samples tested,96.3,1380004385,450.419,28.2,5.989,3.414,6426.674,21.2,282.28,10.39,1.9,20.6,59.55,0.53,69.66
IND,Asia,India,30-04-2020,33050,1718,1665.286,1074,67,56.143,23.949,1.245,1.207,0.778,0.049,0.041,72453,902654,0.654,0.053,51552,0.037,30.957,0.032,samples tested,96.3,1380004385,450.419,28.2,5.989,3.414,6426.674,21.2,282.28,10.39,1.9,20.6,59.55,0.53,69.66
IND,Asia,India,01-05-2020,35043,1993,1709.429,1147,73,61.286,25.393,1.444,1.239,0.831,0.053,0.044,73709,976363,0.708,0.053,56629,0.041,33.127,0.03,samples tested,96.3,1380004385,450.419,28.2,5.989,3.414,6426.674,21.2,282.28,10.39,1.9,20.6,59.55,0.53,69.66
IND,Asia,India,02-05-2020,37336,2293,1832.857,1218,71,63.286,27.055,1.662,1.328,0.883,0.051,0.046,70087,1046450,0.758,0.051,60163,0.044,32.825,0.03,samples tested,96.3,1380004385,450.419,28.2,5.989,3.414,6426.674,21.2,282.28,10.39,1.9,20.6,59.55,0.53,69.66
IND,Asia,India,03-05-2020,39980,2644,1926.286,1301,83,68.143,28.971,1.916,1.396,0.943,0.06,0.049,60783,1107233,0.802,0.044,63059,0.046,32.736,0.031,samples tested,96.3,1380004385,450.419,28.2,5.989,3.414,6426.674,21.2,282.28,10.39,1.9,20.6,59.55,0.53,69.66
IND,Asia,India,04-05-2020,42533,2553,2091.571,1373,72,71.571,30.821,1.85,1.516,0.995,0.052,0.052,84713,1191946,0.864,0.061,67888,0.049,32.458,0.031,samples tested,81.94,1380004385,450.419,28.2,5.989,3.414,6426.674,21.2,282.28,10.39,1.9,20.6,59.55,0.53,69.66
IND,Asia,India,05-05-2020,46433,3900,2428.286,1568,195,90.571,33.647,2.826,1.76,1.136,0.141,0.066,84835,1276781,0.925,0.061,72288,0.052,29.769,0.034,samples tested,81.94,1380004385,450.419,28.2,5.989,3.414,6426.674,21.2,282.28,10.39,1.9,20.6,59.55,0.53,69.66
IND,Asia,India,06-05-2020,49391,2958,2579.857,1694,126,98.143,35.79,2.143,1.869,1.228,0.091,0.071,80632,1357413,0.984,0.058,75316,0.055,29.194,0.034,samples tested,81.94,1380004385,450.419,28.2,5.989,3.414,6426.674,21.2,282.28,10.39,1.9,20.6,59.55,0.53,69.66
IND,Asia,India,07-05-2020,52952,3561,2843.143,1783,89,101.286,38.371,2.58,2.06,1.292,0.064,0.073,80375,1437788,1.042,0.058,76448,0.055,26.889,0.037,samples tested,81.94,1380004385,450.419,28.2,5.989,3.414,6426.674,21.2,282.28,10.39,1.9,20.6,59.55,0.53,69.66
IND,Asia,India,08-05-2020,56342,3390,3042.714,1886,103,105.571,40.827,2.457,2.205,1.367,0.075,0.077,85425,1523213,1.104,0.062,78121,0.057,25.675,0.039,samples tested,81.94,1380004385,450.419,28.2,5.989,3.414,6426.674,21.2,282.28,10.39,1.9,20.6,59.55,0.53,69.66
IND,Asia,India,09-05-2020,59662,3320,3189.429,1981,95,109,43.233,2.406,2.311,1.436,0.069,0.079,85824,1609037,1.166,0.062,80370,0.058,25.199,0.04,samples tested,81.94,1380004385,450.419,28.2,5.989,3.414,6426.674,21.2,282.28,10.39,1.9,20.6,59.55,0.53,69.66
IND,Asia,India,10-05-2020,62939,3277,3279.857,2109,128,115.429,45.608,2.375,2.377,1.528,0.093,0.084,64651,1673688,1.213,0.047,80922,0.059,24.672,0.041,samples tested,81.94,1380004385,450.419,28.2,5.989,3.414,6426.674,21.2,282.28,10.39,1.9,20.6,59.55,0.53,69.66
IND,Asia,India,11-05-2020,67152,4213,3517,2206,97,119,48.661,3.053,2.549,1.599,0.07,0.086,85891,1759579,1.275,0.062,81090,0.059,23.057,0.043,samples tested,81.94,1380004385,450.419,28.2,5.989,3.414,6426.674,21.2,282.28,10.39,1.9,20.6,59.55,0.53,69.66
IND,Asia,India,12-05-2020,70756,3604,3474.714,2293,87,103.571,51.272,2.612,2.518,1.662,0.063,0.075,94671,1854250,1.344,0.069,82496,0.06,23.742,0.042,samples tested,81.94,1380004385,450.419,28.2,5.989,3.414,6426.674,21.2,282.28,10.39,1.9,20.6,59.55,0.53,69.66
IND,Asia,India,13-05-2020,74281,3525,3555.714,2415,122,103,53.827,2.554,2.577,1.75,0.088,0.075,92791,1947041,1.411,0.067,84233,0.061,23.689,0.042,samples tested,81.94,1380004385,450.419,28.2,5.989,3.414,6426.674,21.2,282.28,10.39,1.9,20.6,59.55,0.53,69.66
IND,Asia,India,14-05-2020,78003,3722,3578.714,2549,134,109.429,56.524,2.697,2.593,1.847,0.097,0.079,92911,2039952,1.478,0.067,86023,0.062,24.037,0.042,samples tested,81.94,1380004385,450.419,28.2,5.989,3.414,6426.674,21.2,282.28,10.39,1.9,20.6,59.55,0.53,69.66
IND,Asia,India,15-05-2020,81970,3967,3661.143,2649,100,109,59.398,2.875,2.653,1.92,0.072,0.079,94325,2134277,1.547,0.068,87295,0.063,23.844,0.042,samples tested,81.94,1380004385,450.419,28.2,5.989,3.414,6426.674,21.2,282.28,10.39,1.9,20.6,59.55,0.53,69.66
IND,Asia,India,16-05-2020,85940,3970,3754,2752,103,110.143,62.275,2.877,2.72,1.994,0.075,0.08,93365,2227642,1.614,0.068,88372,0.064,23.541,0.042,samples tested,81.94,1380004385,450.419,28.2,5.989,3.414,6426.674,21.2,282.28,10.39,1.9,20.6,59.55,0.53,69.66
IND,Asia,India,17-05-2020,90927,4987,3998.286,2872,120,109,65.889,3.614,2.897,2.081,0.087,0.079,75150,2302792,1.669,0.054,89872,0.065,22.478,0.044,samples tested,81.94,1380004385,450.419,28.2,5.989,3.414,6426.674,21.2,282.28,10.39,1.9,20.6,59.55,0.53,69.66
IND,Asia,India,18-05-2020,96169,5242,4145.286,3029,157,117.571,69.687,3.799,3.004,2.195,0.114,0.085,101475,2404267,1.742,0.074,92098,0.067,22.218,0.045,samples tested,79.17,1380004385,450.419,28.2,5.989,3.414,6426.674,21.2,282.28,10.39,1.9,20.6,59.55,0.53,69.66
IND,Asia,India,19-05-2020,101139,4970,4340.429,3163,134,124.286,73.289,3.601,3.145,2.292,0.097,0.09,108121,2512388,1.821,0.078,94020,0.068,21.661,0.046,samples tested,79.17,1380004385,450.419,28.2,5.989,3.414,6426.674,21.2,282.28,10.39,1.9,20.6,59.55,0.53,69.66
IND,Asia,India,20-05-2020,106750,5611,4638.429,3303,140,126.857,77.355,4.066,3.361,2.393,0.101,0.092,103532,2615920,1.896,0.075,95554,0.069,20.601,0.049,samples tested,79.17,1380004385,450.419,28.2,5.989,3.414,6426.674,21.2,282.28,10.39,1.9,20.6,59.55,0.53,69.66
IND,Asia,India,21-05-2020,112359,5609,4908,3435,132,126.571,81.419,4.064,3.557,2.489,0.096,0.092,103514,2719434,1.971,0.075,97069,0.07,19.778,0.051,samples tested,79.17,1380004385,450.419,28.2,5.989,3.414,6426.674,21.2,282.28,10.39,1.9,20.6,59.55,0.53,69.66
IND,Asia,India,22-05-2020,118447,6088,5211,3583,148,133.429,85.831,4.412,3.776,2.596,0.107,0.097,115364,2834798,2.054,0.084,100074,0.073,19.204,0.052,samples tested,79.17,1380004385,450.419,28.2,5.989,3.414,6426.674,21.2,282.28,10.39,1.9,20.6,59.55,0.53,69.66
IND,Asia,India,23-05-2020,125101,6654,5594.429,3720,137,138.286,90.653,4.822,4.054,2.696,0.099,0.1,108623,2943421,2.133,0.079,102254,0.074,18.278,0.055,samples tested,79.17,1380004385,450.419,28.2,5.989,3.414,6426.674,21.2,282.28,10.39,1.9,20.6,59.55,0.53,69.66
IND,Asia,India,24-05-2020,131868,6767,5848.714,3867,147,142.143,95.556,4.904,4.238,2.802,0.107,0.103,90170,3033591,2.198,0.065,104400,0.076,17.85,0.056,samples tested,79.17,1380004385,450.419,28.2,5.989,3.414,6426.674,21.2,282.28,10.39,1.9,20.6,59.55,0.53,69.66
IND,Asia,India,25-05-2020,138845,6977,6096.571,4021,154,141.714,100.612,5.056,4.418,2.914,0.112,0.103,92528,3126119,2.265,0.067,103122,0.075,16.915,0.059,samples tested,79.17,1380004385,450.419,28.2,5.989,3.414,6426.674,21.2,282.28,10.39,1.9,20.6,59.55,0.53,69.66
IND,Asia,India,26-05-2020,145380,6535,6320.143,4167,146,143.429,105.347,4.735,4.58,3.02,0.106,0.104,116041,3242160,2.349,0.084,104253,0.076,16.495,0.061,samples tested,79.17,1380004385,450.419,28.2,5.989,3.414,6426.674,21.2,282.28,10.39,1.9,20.6,59.55,0.53,69.66
IND,Asia,India,27-05-2020,151767,6387,6431,4337,170,147.714,109.976,4.628,4.66,3.143,0.123,0.107,119976,3362136,2.436,0.087,106602,0.077,16.576,0.06,samples tested,79.17,1380004385,450.419,28.2,5.989,3.414,6426.674,21.2,282.28,10.39,1.9,20.6,59.55,0.53,69.66
IND,Asia,India,28-05-2020,158333,6566,6567.714,4531,194,156.571,114.734,4.758,4.759,3.283,0.141,0.113,121702,3483838,2.525,0.088,109201,0.079,16.627,0.06,samples tested,79.17,1380004385,450.419,28.2,5.989,3.414,6426.674,21.2,282.28,10.39,1.9,20.6,59.55,0.53,69.66
IND,Asia,India,29-05-2020,165799,7466,6764.571,4706,175,160.429,120.144,5.41,4.902,3.41,0.127,0.116,127761,3611599,2.617,0.093,110972,0.08,16.405,0.061,samples tested,79.17,1380004385,450.419,28.2,5.989,3.414,6426.674,21.2,282.28,10.39,1.9,20.6,59.55,0.53,69.66
IND,Asia,India,30-05-2020,173763,7964,6951.714,4971,265,178.714,125.915,5.771,5.037,3.602,0.192,0.13,125428,3737027,2.708,0.091,113372,0.082,16.308,0.061,samples tested,79.17,1380004385,450.419,28.2,5.989,3.414,6426.674,21.2,282.28,10.39,1.9,20.6,59.55,0.53,69.66
IND,Asia,India,31-05-2020,182143,8380,7182.143,5164,193,185.286,131.987,6.072,5.204,3.742,0.14,0.134,100180,3837207,2.781,0.073,114802,0.083,15.984,0.063,samples tested,79.17,1380004385,450.419,28.2,5.989,3.414,6426.674,21.2,282.28,10.39,1.9,20.6,59.55,0.53,69.66
IND,Asia,India,01-06-2020,190535,8392,7384.286,5394,230,196.143,138.068,6.081,5.351,3.909,0.167,0.142,128868,3966075,2.874,0.093,119994,0.087,16.25,0.062,samples tested,75.46,1380004385,450.419,28.2,5.989,3.414,6426.674,21.2,282.28,10.39,1.9,20.6,59.55,0.53,69.66
IND,Asia,India,02-06-2020,198706,8171,7618,5598,204,204.429,143.989,5.921,5.52,4.057,0.148,0.148,137158,4103233,2.973,0.099,123010,0.089,16.147,0.062,samples tested,75.46,1380004385,450.419,28.2,5.989,3.414,6426.674,21.2,282.28,10.39,1.9,20.6,59.55,0.53,69.66
IND,Asia,India,03-06-2020,207615,8909,7978.286,5815,217,211.143,150.445,6.456,5.781,4.214,0.157,0.153,139485,4242718,3.074,0.101,125797,0.091,15.767,0.063,samples tested,75.46,1380004385,450.419,28.2,5.989,3.414,6426.674,21.2,282.28,10.39,1.9,20.6,59.55,0.53,69.66
IND,Asia,India,04-06-2020,216919,9304,8369.429,6075,260,220.571,157.187,6.742,6.065,4.402,0.188,0.16,143661,4386379,3.179,0.104,128934,0.093,15.405,0.065,samples tested,75.46,1380004385,450.419,28.2,5.989,3.414,6426.674,21.2,282.28,10.39,1.9,20.6,59.55,0.53,69.66
IND,Asia,India,05-06-2020,226770,9851,8710.143,6348,273,234.571,164.326,7.138,6.312,4.6,0.198,0.17,137938,4524317,3.278,0.1,130388,0.094,14.97,0.067,samples tested,75.46,1380004385,450.419,28.2,5.989,3.414,6426.674,21.2,282.28,10.39,1.9,20.6,59.55,0.53,69.66
IND,Asia,India,06-06-2020,236657,9887,8984.857,6642,294,238.714,171.49,7.164,6.511,4.813,0.213,0.173,142069,4666386,3.381,0.103,132766,0.096,14.777,0.068,samples tested,75.46,1380004385,450.419,28.2,5.989,3.414,6426.674,21.2,282.28,10.39,1.9,20.6,59.55,0.53,69.66
IND,Asia,India,07-06-2020,246628,9971,9212.143,6929,287,252.143,178.715,7.225,6.675,5.021,0.208,0.183,108048,4774434,3.46,0.078,133890,0.097,14.534,0.069,samples tested,75.46,1380004385,450.419,28.2,5.989,3.414,6426.674,21.2,282.28,10.39,1.9,20.6,59.55,0.53,69.66
IND,Asia,India,08-06-2020,256611,9983,9439.429,7135,206,248.714,185.949,7.234,6.84,5.17,0.149,0.18,141682,4916116,3.562,0.103,135720,0.098,14.378,0.07,samples tested,75.46,1380004385,450.419,28.2,5.989,3.414,6426.674,21.2,282.28,10.39,1.9,20.6,59.55,0.53,69.66
IND,Asia,India,09-06-2020,266598,9987,9698.857,7466,331,266.857,193.186,7.237,7.028,5.41,0.24,0.193,145216,5061332,3.668,0.105,136871,0.099,14.112,0.071,samples tested,76.85,1380004385,450.419,28.2,5.989,3.414,6426.674,21.2,282.28,10.39,1.9,20.6,59.55,0.53,69.66
IND,Asia,India,10-06-2020,276583,9985,9852.571,7745,279,275.714,200.422,7.235,7.14,5.612,0.202,0.2,151808,5213140,3.778,0.11,138632,0.1,14.071,0.071,samples tested,76.85,1380004385,450.419,28.2,5.989,3.414,6426.674,21.2,282.28,10.39,1.9,20.6,59.55,0.53,69.66
IND,Asia,India,11-06-2020,286579,9996,9951.429,8102,357,289.571,207.665,7.243,7.211,5.871,0.259,0.21,150305,5363445,3.887,0.109,139581,0.101,14.026,0.071,samples tested,76.85,1380004385,450.419,28.2,5.989,3.414,6426.674,21.2,282.28,10.39,1.9,20.6,59.55,0.53,69.66
IND,Asia,India,12-06-2020,297535,10956,10109.286,8498,396,307.143,215.604,7.939,7.326,6.158,0.287,0.223,143737,5507182,3.991,0.104,140409,0.102,13.889,0.072,samples tested,76.85,1380004385,450.419,28.2,5.989,3.414,6426.674,21.2,282.28,10.39,1.9,20.6,59.55,0.53,69.66
IND,Asia,India,13-06-2020,308993,11458,10333.714,8884,386,320.286,223.907,8.303,7.488,6.438,0.28,0.232,151432,5658614,4.1,0.11,141747,0.103,13.717,0.073,samples tested,76.85,1380004385,450.419,28.2,5.989,3.414,6426.674,21.2,282.28,10.39,1.9,20.6,59.55,0.53,69.66
IND,Asia,India,14-06-2020,320922,11929,10613.429,9195,311,323.714,232.551,8.644,7.691,6.663,0.225,0.235,115519,5774133,4.184,0.084,142814,0.103,13.456,0.074,samples tested,76.85,1380004385,450.419,28.2,5.989,3.414,6426.674,21.2,282.28,10.39,1.9,20.6,59.55,0.53,69.66
IND,Asia,India,15-06-2020,332424,11502,10830.429,9520,325,340.714,240.886,8.335,7.848,6.899,0.236,0.247,146936,5921069,4.291,0.106,143565,0.104,13.256,0.075,samples tested,76.85,1380004385,450.419,28.2,5.989,3.414,6426.674,21.2,282.28,10.39,1.9,20.6,59.55,0.53,69.66
IND,Asia,India,16-06-2020,343091,10667,10927.571,9900,380,347.714,248.616,7.73,7.919,7.174,0.275,0.252,163187,6084256,4.409,0.118,146132,0.106,13.373,0.075,samples tested,76.85,1380004385,450.419,28.2,5.989,3.414,6426.674,21.2,282.28,10.39,1.9,20.6,59.55,0.53,69.66
IND,Asia,India,17-06-2020,354065,10974,11068.857,11903,2003,594,256.568,7.952,8.021,8.625,1.451,0.43,165412,6249668,4.529,0.12,148075,0.107,13.378,0.075,samples tested,76.85,1380004385,450.419,28.2,5.989,3.414,6426.674,21.2,282.28,10.39,1.9,20.6,59.55,0.53,69.66
IND,Asia,India,18-06-2020,366946,12881,11481,12237,334,590.714,265.902,9.334,8.32,8.867,0.242,0.428,176959,6426627,4.657,0.128,151883,0.11,13.229,0.076,samples tested,76.39,1380004385,450.419,28.2,5.989,3.414,6426.674,21.2,282.28,10.39,1.9,20.6,59.55,0.53,69.66
IND,Asia,India,19-06-2020,380532,13586,11856.714,12573,336,582.143,275.747,9.845,8.592,9.111,0.243,0.422,189869,6616496,4.795,0.138,158473,0.115,13.366,0.075,samples tested,76.39,1380004385,450.419,28.2,5.989,3.414,6426.674,21.2,282.28,10.39,1.9,20.6,59.55,0.53,69.66
IND,Asia,India,20-06-2020,395048,14516,12293.571,12948,375,580.571,286.266,10.519,8.908,9.383,0.272,0.421,190730,6807226,4.933,0.138,164087,0.119,13.347,0.075,samples tested,76.39,1380004385,450.419,28.2,5.989,3.414,6426.674,21.2,282.28,10.39,1.9,20.6,59.55,0.53,69.66
IND,Asia,India,21-06-2020,410461,15413,12791.286,13254,306,579.857,297.435,11.169,9.269,9.604,0.222,0.42,143267,6950493,5.037,0.104,168051,0.122,13.138,0.076,samples tested,76.39,1380004385,450.419,28.2,5.989,3.414,6426.674,21.2,282.28,10.39,1.9,20.6,59.55,0.53,69.66
IND,Asia,India,22-06-2020,425282,14821,13265.429,13699,445,597,308.174,10.74,9.613,9.927,0.322,0.433,187223,7137716,5.172,0.136,173807,0.126,13.102,0.076,samples tested,76.39,1380004385,450.419,28.2,5.989,3.414,6426.674,21.2,282.28,10.39,1.9,20.6,59.55,0.53,69.66
IND,Asia,India,23-06-2020,440215,14933,13874.857,14011,312,587.286,318.995,10.821,10.054,10.153,0.226,0.426,215195,7352911,5.328,0.156,181236,0.131,13.062,0.077,samples tested,76.39,1380004385,450.419,28.2,5.989,3.414,6426.674,21.2,282.28,10.39,1.9,20.6,59.55,0.53,69.66
IND,Asia,India,24-06-2020,456183,15968,14588.286,14476,465,367.571,330.566,11.571,10.571,10.49,0.337,0.266,207871,7560782,5.479,0.151,187302,0.136,12.839,0.078,samples tested,76.39,1380004385,450.419,28.2,5.989,3.414,6426.674,21.2,282.28,10.39,1.9,20.6,59.55,0.53,69.66
IND,Asia,India,25-06-2020,473105,16922,15165.571,14894,418,379.571,342.829,12.262,10.99,10.793,0.303,0.275,215446,7776228,5.635,0.156,192800,0.14,12.713,0.079,samples tested,76.39,1380004385,450.419,28.2,5.989,3.414,6426.674,21.2,282.28,10.39,1.9,20.6,59.55,0.53,69.66
IND,Asia,India,26-06-2020,490401,17296,15695.571,15301,407,389.714,355.362,12.533,11.374,11.088,0.295,0.282,220479,7996707,5.795,0.16,197173,0.143,12.562,0.08,samples tested,76.39,1380004385,450.419,28.2,5.989,3.414,6426.674,21.2,282.28,10.39,1.9,20.6,59.55,0.53,69.66
IND,Asia,India,27-06-2020,508953,18552,16272.143,15685,384,391,368.805,13.443,11.791,11.366,0.278,0.283,231095,8227802,5.962,0.167,202939,0.147,12.472,0.08,samples tested,76.39,1380004385,450.419,28.2,5.989,3.414,6426.674,21.2,282.28,10.39,1.9,20.6,59.55,0.53,69.66
IND,Asia,India,28-06-2020,528859,19906,16914,16095,410,405.857,383.23,14.425,12.256,11.663,0.297,0.294,170560,8398362,6.086,0.124,206838,0.15,12.229,0.082,samples tested,76.39,1380004385,450.419,28.2,5.989,3.414,6426.674,21.2,282.28,10.39,1.9,20.6,59.55,0.53,69.66
IND,Asia,India,29-06-2020,548318,19459,17576.571,16475,380,396.571,397.331,14.101,12.737,11.938,0.275,0.287,210292,8608654,6.238,0.152,210134,0.152,11.955,0.084,samples tested,76.39,1380004385,450.419,28.2,5.989,3.414,6426.674,21.2,282.28,10.39,1.9,20.6,59.55,0.53,69.66
IND,Asia,India,30-06-2020,566840,18522,18089.286,16893,418,411.714,410.752,13.422,13.108,12.241,0.303,0.298,217931,8826585,6.396,0.158,210525,0.153,11.638,0.086,samples tested,76.39,1380004385,450.419,28.2,5.989,3.414,6426.674,21.2,282.28,10.39,1.9,20.6,59.55,0.53,69.66
IND,Asia,India,01-07-2020,585493,18653,18472.857,17400,507,417.714,424.269,13.517,13.386,12.609,0.367,0.303,229588,9056173,6.562,0.166,213627,0.155,11.564,0.086,samples tested,74.07,1380004385,450.419,28.2,5.989,3.414,6426.674,21.2,282.28,10.39,1.9,20.6,59.55,0.53,69.66
IND,Asia,India,02-07-2020,604641,19148,18790.857,17834,434,420,438.144,13.875,13.617,12.923,0.314,0.304,241576,9297749,6.737,0.175,217360,0.158,11.567,0.086,samples tested,74.07,1380004385,450.419,28.2,5.989,3.414,6426.674,21.2,282.28,10.39,1.9,20.6,59.55,0.53,69.66
IND,Asia,India,03-07-2020,625544,20903,19306.143,18213,379,416,453.291,15.147,13.99,13.198,0.275,0.301,242383,9540132,6.913,0.176,220489,0.16,11.421,0.088,samples tested,74.07,1380004385,450.419,28.2,5.989,3.414,6426.674,21.2,282.28,10.39,1.9,20.6,59.55,0.53,69.66
IND,Asia,India,04-07-2020,648315,22771,19908.857,18655,442,424.286,469.792,16.501,14.427,13.518,0.32,0.307,248934,9789066,7.094,0.18,223038,0.162,11.203,0.089,samples tested,74.07,1380004385,450.419,28.2,5.989,3.414,6426.674,21.2,282.28,10.39,1.9,20.6,59.55,0.53,69.66
IND,Asia,India,05-07-2020,673165,24850,20615.143,19268,613,453.286,487.799,18.007,14.938,13.962,0.444,0.328,180596,9969662,7.224,0.131,224471,0.163,10.889,0.092,samples tested,74.07,1380004385,450.419,28.2,5.989,3.414,6426.674,21.2,282.28,10.39,1.9,20.6,59.55,0.53,69.66
IND,Asia,India,06-07-2020,697413,24248,21299.286,19693,425,459.714,505.37,17.571,15.434,14.27,0.308,0.333,241430,10211092,7.399,0.175,228920,0.166,10.748,0.093,samples tested,74.07,1380004385,450.419,28.2,5.989,3.414,6426.674,21.2,282.28,10.39,1.9,20.6,59.55,0.53,69.66
IND,Asia,India,07-07-2020,719665,22252,21832.143,20160,467,466.714,521.495,16.125,15.82,14.609,0.338,0.338,262679,10473771,7.59,0.19,235312,0.171,10.778,0.093,samples tested,74.07,1380004385,450.419,28.2,5.989,3.414,6426.674,21.2,282.28,10.39,1.9,20.6,59.55,0.53,69.66
IND,Asia,India,08-07-2020,742417,22752,22417.714,20642,482,463.143,537.982,16.487,16.245,14.958,0.349,0.336,267061,10740832,7.783,0.194,240666,0.174,10.736,0.093,samples tested,74.07,1380004385,450.419,28.2,5.989,3.414,6426.674,21.2,282.28,10.39,1.9,20.6,59.55,0.53,69.66
IND,Asia,India,09-07-2020,767296,24879,23236.429,21129,487,470.714,556.01,18.028,16.838,15.311,0.353,0.341,283659,11024491,7.989,0.206,246677,0.179,10.616,0.094,samples tested,74.07,1380004385,450.419,28.2,5.989,3.414,6426.674,21.2,282.28,10.39,1.9,20.6,59.55,0.53,69.66
IND,Asia,India,10-07-2020,793802,26506,24036.857,21604,475,484.429,575.217,19.207,17.418,15.655,0.344,0.351,282511,11307002,8.193,0.205,252410,0.183,10.501,0.095,samples tested,77.78,1380004385,450.419,28.2,5.989,3.414,6426.674,21.2,282.28,10.39,1.9,20.6,59.55,0.53,69.66
IND,Asia,India,11-07-2020,820916,27114,24657.286,22123,519,495.429,594.865,19.648,17.868,16.031,0.376,0.359,280151,11587153,8.396,0.203,256870,0.186,10.418,0.096,samples tested,77.78,1380004385,450.419,28.2,5.989,3.414,6426.674,21.2,282.28,10.39,1.9,20.6,59.55,0.53,69.66
IND,Asia,India,12-07-2020,849553,28637,25198.286,22674,551,486.571,615.616,20.751,18.26,16.43,0.399,0.353,219103,11806256,8.555,0.159,262371,0.19,10.412,0.096,samples tested,77.78,1380004385,450.419,28.2,5.989,3.414,6426.674,21.2,282.28,10.39,1.9,20.6,59.55,0.53,69.66
IND,Asia,India,13-07-2020,878254,28701,25834.429,23174,500,497.286,636.414,20.798,18.721,16.793,0.362,0.36,286247,12092503,8.763,0.207,268773,0.195,10.404,0.096,samples tested,77.78,1380004385,450.419,28.2,5.989,3.414,6426.674,21.2,282.28,10.39,1.9,20.6,59.55,0.53,69.66
IND,Asia,India,14-07-2020,906752,28498,26726.714,23727,553,509.571,657.065,20.651,19.367,17.193,0.401,0.369,320161,12412664,8.995,0.232,276985,0.201,10.364,0.096,samples tested,77.78,1380004385,450.419,28.2,5.989,3.414,6426.674,21.2,282.28,10.39,1.9,20.6,59.55,0.53,69.66
IND,Asia,India,15-07-2020,936181,29429,27680.571,24309,582,523.857,678.39,21.325,20.058,17.615,0.422,0.38,326826,12739490,9.231,0.237,285523,0.207,10.315,0.097,samples tested,77.78,1380004385,450.419,28.2,5.989,3.414,6426.674,21.2,282.28,10.39,1.9,20.6,59.55,0.53,69.66
IND,Asia,India,16-07-2020,968876,32695,28797.143,24915,606,540.857,702.082,23.692,20.867,18.054,0.439,0.392,333228,13072718,9.473,0.241,292604,0.212,10.161,0.098,samples tested,77.78,1380004385,450.419,28.2,5.989,3.414,6426.674,21.2,282.28,10.39,1.9,20.6,59.55,0.53,69.66
IND,Asia,India,17-07-2020,1003832,34956,30004.286,25602,687,571.143,727.412,25.33,21.742,18.552,0.498,0.414,361024,13433742,9.735,0.262,303820,0.22,10.126,0.099,samples tested,77.78,1380004385,450.419,28.2,5.989,3.414,6426.674,21.2,282.28,10.39,1.9,20.6,59.55,0.53,69.66
IND,Asia,India,18-07-2020,1038716,34884,31114.286,26273,671,592.857,752.69,25.278,22.547,19.038,0.486,0.43,358127,13791869,9.994,0.26,314959,0.228,10.123,0.099,samples tested,77.78,1380004385,450.419,28.2,5.989,3.414,6426.674,21.2,282.28,10.39,1.9,20.6,59.55,0.53,69.66
IND,Asia,India,19-07-2020,1077618,38902,32580.714,26816,543,591.714,780.88,28.19,23.609,19.432,0.393,0.429,256039,14047908,10.18,0.186,320236,0.232,9.829,0.102,samples tested,77.78,1380004385,450.419,28.2,5.989,3.414,6426.674,21.2,282.28,10.39,1.9,20.6,59.55,0.53,69.66
IND,Asia,India,20-07-2020,1118043,40425,34255.571,27497,681,617.571,810.174,29.293,24.823,19.925,0.493,0.448,333395,14381303,10.421,0.242,326971,0.237,9.545,0.105,samples tested,77.78,1380004385,450.419,28.2,5.989,3.414,6426.674,21.2,282.28,10.39,1.9,20.6,59.55,0.53,69.66
IND,Asia,India,21-07-2020,1155191,37148,35491.286,28084,587,622.429,837.092,26.919,25.718,20.351,0.425,0.451,343243,14724546,10.67,0.249,330269,0.239,9.306,0.107,samples tested,77.78,1380004385,450.419,28.2,5.989,3.414,6426.674,21.2,282.28,10.39,1.9,20.6,59.55,0.53,69.66
IND,Asia,India,22-07-2020,1192915,37724,36676.286,28732,648,631.857,864.428,27.336,26.577,20.82,0.47,0.458,350823,15075369,10.924,0.254,333697,0.242,9.098,0.11,samples tested,77.78,1380004385,450.419,28.2,5.989,3.414,6426.674,21.2,282.28,10.39,1.9,20.6,59.55,0.53,69.66
IND,Asia,India,23-07-2020,1238635,45720,38537,29861,1129,706.571,897.559,33.13,27.925,21.638,0.818,0.512,352801,15428170,11.18,0.256,336493,0.244,8.732,0.115,samples tested,77.78,1380004385,450.419,28.2,5.989,3.414,6426.674,21.2,282.28,10.39,1.9,20.6,59.55,0.53,69.66
IND,Asia,India,24-07-2020,1287945,49310,40587.571,30601,740,714.143,933.291,35.732,29.411,22.175,0.536,0.517,420898,15849068,11.485,0.305,345047,0.25,8.501,0.118,samples tested,77.78,1380004385,450.419,28.2,5.989,3.414,6426.674,21.2,282.28,10.39,1.9,20.6,59.55,0.53,69.66
IND,Asia,India,25-07-2020,1336861,48916,42592.143,31358,757,726.429,968.737,35.446,30.864,22.723,0.549,0.526,442263,16291331,11.805,0.32,357066,0.259,8.383,0.119,samples tested,77.78,1380004385,450.419,28.2,5.989,3.414,6426.674,21.2,282.28,10.39,1.9,20.6,59.55,0.53,69.66
IND,Asia,India,26-07-2020,1385522,48661,43986.286,32063,705,749.571,1003.998,35.261,31.874,23.234,0.511,0.543,515472,16806803,12.179,0.374,394128,0.286,8.96,0.112,samples tested,77.78,1380004385,450.419,28.2,5.989,3.414,6426.674,21.2,282.28,10.39,1.9,20.6,59.55,0.53,69.66
IND,Asia,India,27-07-2020,1435453,49931,45344.286,32771,708,753.429,1040.18,36.182,32.858,23.747,0.513,0.546,528082,17334885,12.561,0.383,421940,0.306,9.305,0.107,samples tested,77.78,1380004385,450.419,28.2,5.989,3.414,6426.674,21.2,282.28,10.39,1.9,20.6,59.55,0.53,69.66
IND,Asia,India,28-07-2020,1483156,47703,46852.143,33425,654,763,1074.747,34.567,33.951,24.221,0.474,0.553,408855,17743740,12.858,0.296,431313,0.313,9.206,0.109,samples tested,77.78,1380004385,450.419,28.2,5.989,3.414,6426.674,21.2,282.28,10.39,1.9,20.6,59.55,0.53,69.66
IND,Asia,India,29-07-2020,1531669,48513,48393.429,34193,768,780.143,1109.902,35.154,35.068,24.777,0.557,0.565,446642,18190382,13.181,0.324,445002,0.322,9.196,0.109,samples tested,77.78,1380004385,450.419,28.2,5.989,3.414,6426.674,21.2,282.28,10.39,1.9,20.6,59.55,0.53,69.66
IND,Asia,India,30-07-2020,1583792,52123,49308.143,34968,775,729.571,1147.672,37.77,35.73,25.339,0.562,0.529,642588,18832970,13.647,0.466,486400,0.352,9.864,0.101,samples tested,77.78,1380004385,450.419,28.2,5.989,3.414,6426.674,21.2,282.28,10.39,1.9,20.6,59.55,0.53,69.66
IND,Asia,India,31-07-2020,1638870,55078,50132.143,35747,779,735.143,1187.583,39.911,36.328,25.904,0.564,0.533,525689,19358659,14.028,0.381,501370,0.363,10.001,0.1,samples tested,77.78,1380004385,450.419,28.2,5.989,3.414,6426.674,21.2,282.28,10.39,1.9,20.6,59.55,0.53,69.66
IND,Asia,India,01-08-2020,1695988,57118,51303.857,36511,764,736.143,1228.973,41.39,37.177,26.457,0.554,0.533,463172,19821831,14.364,0.336,504357,0.365,9.831,0.102,samples tested,79.63,1380004385,450.419,28.2,5.989,3.414,6426.674,21.2,282.28,10.39,1.9,20.6,59.55,0.53,69.66
IND,Asia,India,02-08-2020,1750723,54735,52171.571,37364,853,757.286,1268.636,39.663,37.805,27.075,0.618,0.549,381027,20202858,14.64,0.276,485151,0.352,9.299,0.108,samples tested,79.63,1380004385,450.419,28.2,5.989,3.414,6426.674,21.2,282.28,10.39,1.9,20.6,59.55,0.53,69.66
IND,Asia,India,03-08-2020,1803695,52972,52606,38135,771,766.286,1307.021,38.385,38.12,27.634,0.559,0.555,661892,20864750,15.119,0.48,504266,0.365,9.586,0.104,samples tested,79.63,1380004385,450.419,28.2,5.989,3.414,6426.674,21.2,282.28,10.39,1.9,20.6,59.55,0.53,69.66
IND,Asia,India,04-08-2020,1855745,52050,53227,38938,803,787.571,1344.738,37.717,38.57,28.216,0.582,0.571,619652,21484402,15.568,0.449,534380,0.387,10.04,0.1,samples tested,79.63,1380004385,450.419,28.2,5.989,3.414,6426.674,21.2,282.28,10.39,1.9,20.6,59.55,0.53,69.66
IND,Asia,India,05-08-2020,1908254,52509,53797.857,39795,857,800.286,1382.788,38.05,38.984,28.837,0.621,0.58,664949,22149351,16.05,0.482,565567,0.41,10.513,0.095,samples tested,79.63,1380004385,450.419,28.2,5.989,3.414,6426.674,21.2,282.28,10.39,1.9,20.6,59.55,0.53,69.66
IND,Asia,India,06-08-2020,1964536,56282,54392,40699,904,818.714,1423.572,40.784,39.414,29.492,0.655,0.593,639042,22788393,16.513,0.463,565060,0.409,10.389,0.096,samples tested,79.63,1380004385,450.419,28.2,5.989,3.414,6426.674,21.2,282.28,10.39,1.9,20.6,59.55,0.53,69.66
IND,Asia,India,07-08-2020,2027074,62538,55457.714,41585,886,834,1468.89,45.317,40.187,30.134,0.642,0.604,598778,23387171,16.947,0.434,575502,0.417,10.377,0.096,samples tested,79.63,1380004385,450.419,28.2,5.989,3.414,6426.674,21.2,282.28,10.39,1.9,20.6,59.55,0.53,69.66
IND,Asia,India,08-08-2020,2088611,61537,56089,42518,933,858.143,1513.481,44.592,40.644,30.81,0.676,0.622,719364,24106535,17.468,0.521,612101,0.444,10.913,0.092,samples tested,79.63,1380004385,450.419,28.2,5.989,3.414,6426.674,21.2,282.28,10.39,1.9,20.6,59.55,0.53,69.66
IND,Asia,India,09-08-2020,2153010,64399,57469.571,43379,861,859.286,1560.147,46.666,41.644,31.434,0.624,0.623,477023,24583558,17.814,0.346,625814,0.453,10.889,0.092,samples tested,79.63,1380004385,450.419,28.2,5.989,3.414,6426.674,21.2,282.28,10.39,1.9,20.6,59.55,0.53,69.66
IND,Asia,India,10-08-2020,2215074,62064,58768.429,44386,1007,893,1605.121,44.974,42.586,32.164,0.73,0.647,698290,25281848,18.32,0.506,631014,0.457,10.737,0.093,samples tested,79.63,1380004385,450.419,28.2,5.989,3.414,6426.674,21.2,282.28,10.39,1.9,20.6,59.55,0.53,69.66
IND,Asia,India,11-08-2020,2268675,53601,58990,45257,871,902.714,1643.962,38.841,42.746,32.795,0.631,0.654,733449,26015297,18.852,0.531,647271,0.469,10.973,0.091,samples tested,79.63,1380004385,450.419,28.2,5.989,3.414,6426.674,21.2,282.28,10.39,1.9,20.6,59.55,0.53,69.66
IND,Asia,India,12-08-2020,2329638,60963,60197.714,46091,834,899.429,1688.138,44.176,43.621,33.399,0.604,0.652,830391,26845688,19.453,0.602,670905,0.486,11.145,0.09,samples tested,79.63,1380004385,450.419,28.2,5.989,3.414,6426.674,21.2,282.28,10.39,1.9,20.6,59.55,0.53,69.66
IND,Asia,India,13-08-2020,2396637,66999,61728.714,47033,942,904.857,1736.688,48.55,44.731,34.082,0.683,0.656,848728,27694416,20.068,0.615,700860,0.508,11.354,0.088,samples tested,79.63,1380004385,450.419,28.2,5.989,3.414,6426.674,21.2,282.28,10.39,1.9,20.6,59.55,0.53,69.66
IND,Asia,India,14-08-2020,2461190,64553,62016.571,48040,1007,922.143,1783.465,46.777,44.939,34.811,0.73,0.668,868679,28563095,20.698,0.629,739418,0.536,11.923,0.084,samples tested,79.63,1380004385,450.419,28.2,5.989,3.414,6426.674,21.2,282.28,10.39,1.9,20.6,59.55,0.53,69.66
IND,Asia,India,15-08-2020,2526192,65002,62511.571,49036,996,931.143,1830.568,47.103,45.298,35.533,0.722,0.675,746608,29309703,21.239,0.541,743310,0.539,11.891,0.084,samples tested,79.63,1380004385,450.419,28.2,5.989,3.414,6426.674,21.2,282.28,10.39,1.9,20.6,59.55,0.53,69.66
IND,Asia,India,16-08-2020,2589682,63490,62381.714,49980,944,943,1876.575,46.007,45.204,36.217,0.684,0.683,731697,30041400,21.769,0.53,779692,0.565,12.499,0.08,samples tested,79.63,1380004385,450.419,28.2,5.989,3.414,6426.674,21.2,282.28,10.39,1.9,20.6,59.55,0.53,69.66
IND,Asia,India,17-08-2020,2647663,57981,61798.429,50921,941,933.571,1918.59,42.015,44.781,36.899,0.682,0.676,899864,30941264,22.421,0.652,808488,0.586,13.083,0.076,samples tested,79.63,1380004385,450.419,28.2,5.989,3.414,6426.674,21.2,282.28,10.39,1.9,20.6,59.55,0.53,69.66
IND,Asia,India,18-08-2020,2702742,55079,62009.571,51797,876,934.286,1958.502,39.912,44.934,37.534,0.635,0.677,801518,31742782,23.002,0.581,818212,0.593,13.195,0.076,samples tested,79.63,1380004385,450.419,28.2,5.989,3.414,6426.674,21.2,282.28,10.39,1.9,20.6,59.55,0.53,69.66
IND,Asia,India,19-08-2020,2767273,64531,62519.286,52889,1092,971.143,2005.264,46.761,45.304,38.325,0.791,0.704,918470,32661252,23.667,0.666,830795,0.602,13.289,0.075,samples tested,79.63,1380004385,450.419,28.2,5.989,3.414,6426.674,21.2,282.28,10.39,1.9,20.6,59.55,0.53,69.66
IND,Asia,India,20-08-2020,2836925,69652,62898.286,53866,977,976.143,2055.736,50.472,45.578,39.033,0.708,0.707,805985,33467237,24.252,0.584,824689,0.598,13.111,0.076,samples tested,79.63,1380004385,450.419,28.2,5.989,3.414,6426.674,21.2,282.28,10.39,1.9,20.6,59.55,0.53,69.66
IND,Asia,India,21-08-2020,2905823,68898,63519,54849,983,972.714,2105.662,49.926,46.028,39.746,0.712,0.705,1023836,34491073,24.993,0.742,846854,0.614,13.332,0.075,samples tested,79.63,1380004385,450.419,28.2,5.989,3.414,6426.674,21.2,282.28,10.39,1.9,20.6,59.55,0.53,69.66
IND,Asia,India,22-08-2020,2975701,69878,64215.571,55794,945,965.429,2156.298,50.636,46.533,40.43,0.685,0.7,801147,35292220,25.574,0.581,854645,0.619,13.309,0.075,samples tested,79.63,1380004385,450.419,28.2,5.989,3.414,6426.674,21.2,282.28,10.39,1.9,20.6,59.55,0.53,69.66
IND,Asia,India,23-08-2020,3044940,69239,65036.857,56706,912,960.857,2206.471,50.173,47.128,41.091,0.661,0.696,,,,,859781,0.623,13.22,0.076,samples tested,79.63,1380004385,450.419,28.2,5.989,3.414,6426.674,21.2,282.28,10.39,1.9,20.6,59.55,0.53,69.66
IND,Asia,India,24-08-2020,3106348,61408,65526.429,57542,836,945.857,2250.97,44.498,47.483,41.697,0.606,0.685,,36827520,26.687,,840894,0.609,12.833,0.078,samples tested,79.63,1380004385,450.419,28.2,5.989,3.414,6426.674,21.2,282.28,10.39,1.9,20.6,59.55,0.53,69.66
IND,Asia,India,25-08-2020,3167323,60975,66368.714,58390,848,941.857,2295.154,44.185,48.093,42.311,0.614,0.683,,,,,,,,,,79.63,1380004385,450.419,28.2,5.989,3.414,6426.674,21.2,282.28,10.39,1.9,20.6,59.55,0.53,69.66
IND,Asia,India,26-08-2020,3234474,67151,66743,59449,1059,937.143,2343.814,48.66,48.364,43.079,0.767,0.679,,,,,,,,,,,1380004385,450.419,28.2,5.989,3.414,6426.674,21.2,282.28,10.39,1.9,20.6,59.55,0.53,69.66
